Exp, Mean, Var, Tau, Temp, Mixtures, conv1_val, conv1_sp, conv2_val, conv2_sp, fc1_val, fc1_sp, fc2_val, fc_2sp, Test Acc, Val Acc
0, 0.05725487884358381, 0.3043676123956402, 3.9153756672351225e-06, 14, 6, 30.58, 14.76923076923077, 10.09, 14.76923076923077, 10.09, 96.67210231814548, 93.01, 93.25349301397206, 9.8, 9.91
1, 18105.58243027124, 0.3043676123956402, 3.9153756672351225e-06, 14, 6, 30.09, 71.38461538461539, 71.37, 71.38461538461539, 87.56, 98.88153477218225, 81.95, 96.76646706586827, 8.81, 9.02
2, 0.05725487884358381, 0.16962590880724215, 3.9153756672351225e-06, 14, 6, 34.91, 13.846153846153847, 10.09, 13.846153846153847, 10.09, 96.26458832933653, 94.9, 93.13373253493013, 9.8, 9.91
3, 0.05725487884358381, 0.3043676123956402, 0.0003141017185010456, 14, 6, 98.08, 79.38461538461539, 10.09, 79.38461538461539, 88.02, 97.47913669064748, 95.0, 94.2115768463074, 9.8, 9.91
4, 0.05725487884358381, 0.3043676123956402, 3.9153756672351225e-06, 11, 6, 30.59, 14.76923076923077, 10.09, 14.76923076923077, 10.09, 96.66586730615508, 94.38, 92.55489021956087, 9.8, 9.91
5, 0.05725487884358381, 0.3043676123956402, 3.9153756672351225e-06, 14, 3, 33.38, 23.692307692307693, 10.1, 23.692307692307693, 23.46, 97.03948840927258, 91.13, 93.37325349301398, 9.8, 9.91
6, 0.05725487884358381, 0.16962590880724215, 0.0003141017185010456, 11, 3, 97.85, 79.38461538461539, 10.28, 79.38461538461539, 10.09, 97.3849720223821, 95.13, 94.11177644710578, 9.8, 9.91
7, 18105.58243027124, 0.3043676123956402, 0.0003141017185010456, 11, 3, 97.11, 86.92307692307692, 14.89, 86.92307692307692, 25.03, 99.80639488409273, 85.2, 96.7065868263473, 9.8, 9.91
8, 18105.58243027124, 0.16962590880724215, 3.9153756672351225e-06, 11, 3, 37.07, 86.92307692307692, 56.97, 86.92307692307692, 12.62, 99.90167865707434, 84.86, 96.62674650698602, 9.8, 9.91
9, 18105.58243027124, 0.16962590880724215, 0.0003141017185010456, 14, 3, 97.11, 86.92307692307692, 14.89, 86.92307692307692, 24.71, 99.80719424460432, 85.2, 96.7065868263473, 9.8, 9.91
10, 18105.58243027124, 0.16962590880724215, 0.0003141017185010456, 11, 6, 97.49, 83.23076923076923, 61.94, 83.23076923076923, 53.37, 99.61950439648281, 85.62, 96.54690618762474, 5.12, 5.31
11, 18105.58243027124, 0.16962590880724215, 0.0003141017185010456, 11, 3, 97.11, 86.92307692307692, 14.89, 86.92307692307692, 25.15, 99.807034372502, 85.2, 96.7065868263473, 9.8, 9.91
12, 572.5487884358386, 96.24949011575222, 1.23815050036645e-08, 5, 13, 35.37, 20.307692307692307, 97.61, 20.307692307692307, 95.31, 96.11958433253398, 91.58, 82.09580838323353, 18.23, 20.33
13, 1.8105582430271239, 96.24949011575222, 1.23815050036645e-08, 5, 13, 32.67, 0.0, 10.09, 0.0, 10.09, 96.69192645883294, 74.7, 60.85828343313373, 9.58, 9.67
14, 572.5487884358386, 53.64042220069004, 1.23815050036645e-08, 5, 13, 37.61, 20.46153846153846, 97.57, 20.46153846153846, 95.26, 96.11159072741806, 92.72, 82.01596806387226, 18.31, 20.29
15, 572.5487884358386, 96.24949011575222, 9.932768474363525e-07, 5, 13, 35.75, 25.846153846153847, 97.01, 25.846153846153847, 87.1, 98.58033573141486, 90.49, 89.76047904191617, 11.41, 11.91
16, 572.5487884358386, 96.24949011575222, 1.23815050036645e-08, 2, 13, 35.37, 20.307692307692307, 97.61, 20.307692307692307, 95.23, 96.1267785771383, 97.25, 80.79840319361278, 22.34, 23.24
17, 572.5487884358386, 96.24949011575222, 1.23815050036645e-08, 5, 10, 39.94, 22.46153846153846, 97.49, 22.46153846153846, 95.35, 96.36754596322942, 91.78, 84.8502994011976, 15.25, 15.09
18, 572.5487884358386, 53.64042220069004, 9.932768474363525e-07, 2, 10, 30.39, 28.307692307692307, 96.17, 28.307692307692307, 81.09, 98.88313349320543, 95.7, 89.24151696606786, 10.79, 10.94
19, 1.8105582430271239, 96.24949011575222, 9.932768474363525e-07, 2, 10, 10.09, 0.0, 10.09, 0.0, 10.09, 96.84060751398881, 96.07, 71.67664670658682, 9.8, 9.91
20, 1.8105582430271239, 53.64042220069004, 1.23815050036645e-08, 2, 10, 33.07, 0.0, 10.09, 0.0, 10.09, 96.84284572342126, 93.84, 38.36327345309381, 9.8, 9.91
21, 1.8105582430271239, 53.64042220069004, 9.932768474363525e-07, 5, 10, 10.09, 0.0, 10.09, 0.0, 10.09, 96.79968025579537, 9.91, 0.0, 9.8, 9.91
22, 1.8105582430271239, 53.64042220069004, 9.932768474363525e-07, 2, 13, 10.09, 0.0, 10.09, 0.0, 10.09, 96.66858513189447, 95.3, 0.0, 9.8, 9.91
23, 1.8105582430271239, 53.64042220069004, 9.932768474363525e-07, 2, 10, 10.09, 0.0, 10.09, 0.0, 10.09, 96.80063948840927, 95.83, 71.47704590818364, 9.8, 9.91
24, 57254.87884358398, 5.412506582058746, 6.962631931611631e-05, 19, 10, 95.77, 74.46153846153845, 75.55, 74.46153846153845, 71.14, 98.78385291766587, 85.69, 96.64670658682635, 8.49, 9.13
25, 0.01810558243027123, 5.412506582058746, 6.962631931611631e-05, 19, 10, 10.09, 0.0, 10.09, 0.0, 10.09, 93.89912070343726, 94.5, 94.01197604790418, 9.8, 9.91
26, 57254.87884358398, 3.016422610410587, 6.962631931611631e-05, 19, 10, 95.77, 74.46153846153845, 73.92, 74.46153846153845, 70.86, 98.7816147082334, 85.7, 96.64670658682635, 9.7, 10.39
27, 57254.87884358398, 5.412506582058746, 5.585606186682504e-08, 19, 10, 24.03, 81.84615384615384, 84.86, 81.84615384615384, 89.72, 95.63197442046362, 62.38, 90.89820359281437, 14.42, 15.09
28, 57254.87884358398, 5.412506582058746, 6.962631931611631e-05, 6, 10, 95.77, 74.46153846153845, 73.05, 74.46153846153845, 70.37, 98.79232613908873, 85.4, 96.74650698602795, 8.73, 8.79
29, 57254.87884358398, 5.412506582058746, 6.962631931611631e-05, 19, 14, 94.9, 74.0, 80.56, 74.0, 82.15, 98.73077537969624, 85.48, 96.58682634730539, 15.1, 14.81
30, 57254.87884358398, 3.016422610410587, 5.585606186682504e-08, 6, 14, 15.42, 72.61538461538461, 85.36, 72.61538461538461, 90.72, 97.3031175059952, 77.65, 92.99401197604791, 8.78, 8.3
31, 0.01810558243027123, 5.412506582058746, 5.585606186682504e-08, 6, 14, 32.87, 0.0, 10.09, 0.0, 10.09, 96.71846522781775, 87.88, 45.209580838323355, 9.8, 9.91
32, 0.01810558243027123, 3.016422610410587, 6.962631931611631e-05, 6, 14, 10.09, 0.0, 10.09, 0.0, 10.09, 82.87434052757794, 94.23, 94.05189620758483, 9.8, 9.91
33, 0.01810558243027123, 3.016422610410587, 5.585606186682504e-08, 19, 14, 32.86, 0.0, 10.09, 0.0, 10.09, 96.7162270183853, 78.09, 83.8323353293413, 9.8, 9.91
34, 0.01810558243027123, 3.016422610410587, 5.585606186682504e-08, 6, 10, 32.71, 0.0, 10.09, 0.0, 10.09, 96.93429256594725, 85.73, 57.02594810379241, 9.58, 9.67
35, 0.01810558243027123, 3.016422610410587, 5.585606186682504e-08, 6, 14, 32.88, 0.0, 10.09, 0.0, 10.09, 96.70567545963229, 87.86, 46.20758483033932, 9.8, 9.91
36, 5.725487884358383, 1711.5848649958707, 2.201777541331045e-07, 10, 3, 32.3, 17.53846153846154, 10.3, 17.53846153846154, 20.32, 97.3066346922462, 80.36, 85.06986027944112, 10.0, 10.0
37, 181.0558243027123, 1711.5848649958707, 2.201777541331045e-07, 10, 3, 32.24, 17.692307692307693, 94.31, 17.692307692307693, 42.2, 97.31302957633893, 83.52, 85.60878243512974, 10.62, 10.91
38, 5.725487884358383, 953.8765834528191, 2.201777541331045e-07, 10, 3, 32.3, 17.53846153846154, 10.3, 17.53846153846154, 21.79, 97.2978417266187, 82.58, 84.35129740518961, 10.0, 9.99
39, 5.725487884358383, 1711.5848649958707, 1.766323766264439e-05, 10, 3, 51.1, 41.84615384615385, 10.09, 41.84615384615385, 30.52, 97.67881694644285, 94.03, 93.91217564870259, 9.8, 9.91
40, 5.725487884358383, 1711.5848649958707, 2.201777541331045e-07, 16, 3, 32.29, 17.53846153846154, 10.3, 17.53846153846154, 21.5, 97.3021582733813, 86.6, 87.50499001996008, 9.99, 9.99
41, 5.725487884358383, 1711.5848649958707, 2.201777541331045e-07, 10, 7, 40.34, 8.153846153846153, 10.09, 8.153846153846153, 10.09, 96.77250199840128, 42.28, 80.91816367265469, 9.8, 9.91
42, 5.725487884358383, 953.8765834528191, 1.766323766264439e-05, 16, 7, 30.09, 28.153846153846153, 10.09, 28.153846153846153, 10.09, 97.36770583533173, 94.91, 93.9321357285429, 9.8, 9.91
43, 181.0558243027123, 1711.5848649958707, 1.766323766264439e-05, 16, 7, 45.17, 36.61538461538461, 91.17, 36.61538461538461, 89.34, 97.36243005595524, 95.11, 94.07185628742515, 13.27, 13.54
44, 181.0558243027123, 953.8765834528191, 2.201777541331045e-07, 16, 7, 42.93, 13.384615384615383, 94.64, 13.384615384615383, 84.55, 96.82813749000799, 86.33, 84.37125748502994, 12.16, 12.77
45, 181.0558243027123, 953.8765834528191, 1.766323766264439e-05, 10, 7, 45.45, 36.92307692307693, 91.74, 36.92307692307693, 89.38, 97.33173461231016, 94.63, 93.89221556886228, 11.61, 11.6
46, 181.0558243027123, 953.8765834528191, 1.766323766264439e-05, 16, 3, 47.87, 43.07692307692308, 94.02, 43.07692307692308, 76.98, 98.33509192645883, 94.36, 94.29141716566866, 14.19, 14.38
47, 181.0558243027123, 953.8765834528191, 1.766323766264439e-05, 16, 7, 45.45, 36.92307692307693, 91.74, 36.92307692307693, 89.4, 97.33029576338929, 95.07, 94.11177644710578, 12.47, 12.73
48, 0.5725487884358382, 22.824351004383605, 5.2212373672288026e-08, 7, 5, 35.91, 11.846153846153847, 10.09, 11.846153846153847, 10.09, 96.97490007993605, 91.88, 80.45908183632736, 9.8, 9.91
49, 1810.5582430271252, 22.824351004383605, 5.2212373672288026e-08, 7, 5, 26.62, 38.30769230769231, 81.92, 38.30769230769231, 18.33, 99.69368505195844, 62.65, 96.58682634730539, 9.8, 9.91
50, 0.5725487884358382, 12.720148676730615, 5.2212373672288026e-08, 7, 5, 34.48, 11.692307692307692, 10.09, 11.692307692307692, 10.09, 96.93669064748201, 90.57, 80.37924151696608, 9.8, 9.91
51, 0.5725487884358382, 22.824351004383605, 1.3245559641279942e-08, 7, 5, 36.07, 9.538461538461538, 10.09, 9.538461538461538, 10.09, 97.18049560351719, 88.88, 83.11377245508982, 9.8, 9.91
52, 0.5725487884358382, 22.824351004383605, 5.2212373672288026e-08, 9, 5, 35.91, 11.846153846153847, 10.09, 11.846153846153847, 10.09, 96.97969624300559, 86.35, 82.63473053892216, 9.8, 9.91
53, 0.5725487884358382, 22.824351004383605, 5.2212373672288026e-08, 7, 12, 33.03, 0.0, 10.09, 0.0, 10.09, 96.76051159072742, 68.5, 67.64471057884232, 9.8, 9.91
54, 0.5725487884358382, 12.720148676730615, 1.3245559641279942e-08, 9, 12, 32.78, 0.0, 10.09, 0.0, 10.09, 96.70119904076738, 65.23, 80.99800399201597, 9.8, 9.91
55, 1810.5582430271252, 22.824351004383605, 1.3245559641279942e-08, 9, 12, 24.7, 28.923076923076923, 97.06, 28.923076923076923, 93.12, 97.36882494004796, 77.27, 72.87425149700599, 14.99, 15.18
56, 1810.5582430271252, 12.720148676730615, 5.2212373672288026e-08, 9, 12, 23.38, 29.53846153846154, 96.53, 29.53846153846154, 91.9, 98.16290967226219, 72.05, 81.31736526946108, 10.01, 10.25
57, 1810.5582430271252, 12.720148676730615, 1.3245559641279942e-08, 7, 12, 25.51, 28.923076923076923, 97.05, 28.923076923076923, 92.9, 97.36067146282974, 70.3, 75.54890219560878, 15.64, 15.46
58, 1810.5582430271252, 12.720148676730615, 1.3245559641279942e-08, 9, 5, 26.28, 37.38461538461538, 82.35, 37.38461538461538, 17.43, 99.68792965627497, 43.56, 97.24550898203593, 12.81, 12.06
59, 1810.5582430271252, 12.720148676730615, 1.3245559641279942e-08, 9, 12, 24.92, 28.923076923076923, 97.04, 28.923076923076923, 92.93, 97.36083133493206, 78.02, 72.71457085828344, 15.74, 16.05
60, 5725.487884358392, 7217.693528900402, 1.6511002284824024e-05, 17, 12, 48.03, 57.07692307692308, 92.7, 57.07692307692308, 84.83, 98.11510791366906, 85.36, 96.50698602794411, 9.46, 8.67
61, 0.18105582430271236, 7217.693528900402, 1.6511002284824024e-05, 17, 12, 10.09, 0.0, 10.09, 0.0, 10.09, 97.1242206235012, 94.76, 93.91217564870259, 9.8, 9.91
62, 5725.487884358392, 4022.464199444558, 1.6511002284824024e-05, 17, 12, 50.04, 57.230769230769226, 93.11, 57.230769230769226, 85.87, 98.11382893685052, 85.36, 96.50698602794411, 9.98, 9.23
63, 5725.487884358392, 7217.693528900402, 4.18861373500475e-06, 17, 12, 21.64, 44.76923076923077, 92.51, 44.76923076923077, 87.89, 98.06522781774581, 85.18, 96.30738522954093, 11.72, 10.46
64, 5725.487884358392, 7217.693528900402, 1.6511002284824024e-05, 18, 12, 49.44, 57.07692307692308, 92.79, 57.07692307692308, 85.11, 98.1146282973621, 84.89, 96.6067864271457, 9.2, 8.35
65, 5725.487884358392, 7217.693528900402, 1.6511002284824024e-05, 17, 5, 75.74, 61.38461538461538, 72.51, 61.38461538461538, 11.1, 99.15763389288568, 85.37, 96.50698602794411, 9.74, 10.09
66, 5725.487884358392, 4022.464199444558, 4.18861373500475e-06, 18, 5, 36.96, 59.23076923076923, 59.84, 59.23076923076923, 15.09, 99.27082334132695, 79.64, 96.82634730538922, 9.8, 9.91
67, 0.18105582430271236, 7217.693528900402, 4.18861373500475e-06, 18, 5, 40.76, 18.153846153846153, 10.09, 18.153846153846153, 10.96, 97.2449240607514, 92.84, 94.09181636726547, 9.8, 9.91
68, 0.18105582430271236, 4022.464199444558, 1.6511002284824024e-05, 18, 5, 43.54, 35.07692307692308, 10.09, 35.07692307692308, 11.09, 97.36195043964828, 11.22, 0.0, 9.8, 9.91
69, 0.18105582430271236, 4022.464199444558, 4.18861373500475e-06, 17, 5, 40.76, 18.153846153846153, 10.09, 18.153846153846153, 10.96, 97.24012789768184, 92.59, 93.91217564870259, 9.8, 9.91
70, 0.18105582430271236, 4022.464199444558, 4.18861373500475e-06, 18, 12, 10.09, 0.0, 10.09, 0.0, 10.09, 96.95347721822542, 86.49, 93.73253493013972, 9.8, 9.91
71, 0.18105582430271236, 4022.464199444558, 4.18861373500475e-06, 18, 5, 40.76, 18.153846153846153, 10.09, 18.153846153846153, 10.96, 97.2396482813749, 92.83, 94.03193612774452, 9.8, 9.91
72, 57.254878843583896, 1.283507579041475, 9.284818905068834e-07, 2, 15, 36.13, 0.0, 63.85, 0.0, 12.79, 86.47066346922462, 63.48, 0.0, 9.41, 9.72
73, 0.0018105582430271226, 1.283507579041475, 9.284818905068834e-07, 2, 15, 10.09, 0.0, 10.09, 0.0, 10.09, 96.38401278976818, 95.38, 0.0, 9.8, 9.91
74, 57.254878843583896, 0.7153065263490955, 9.284818905068834e-07, 2, 15, 37.22, 0.0, 63.29, 0.0, 12.12, 85.83181454836131, 63.16, 0.0, 9.95, 9.99
75, 57.254878843583896, 1.283507579041475, 7.448525561565191e-05, 2, 15, 44.55, 52.46153846153846, 37.63, 52.46153846153846, 89.74, 81.62366107114309, 9.91, 0.0, 9.8, 9.91
76, 57.254878843583896, 1.283507579041475, 9.284818905068834e-07, 13, 15, 36.15, 0.0, 63.88, 0.0, 12.78, 86.46187050359713, 72.12, 80.13972055888223, 8.85, 9.02
77, 57.254878843583896, 1.283507579041475, 9.284818905068834e-07, 2, 9, 43.85, 10.153846153846153, 67.57, 10.153846153846153, 14.49, 87.70743405275779, 90.06, 72.85429141716567, 8.54, 9.05
78, 57.254878843583896, 0.7153065263490955, 7.448525561565191e-05, 13, 9, 74.58, 64.0, 46.34, 64.0, 89.83, 82.54372501998401, 9.91, 0.0, 9.8, 9.91
79, 0.0018105582430271226, 1.283507579041475, 7.448525561565191e-05, 13, 9, 10.09, 0.0, 10.09, 0.0, 95.74, 90.58912869704237, 94.49, 94.05189620758483, 9.8, 9.91
80, 0.0018105582430271226, 0.7153065263490955, 9.284818905068834e-07, 13, 9, 10.09, 0.0, 10.09, 0.0, 10.09, 96.93445243804956, 9.91, 0.0, 9.8, 9.91
81, 0.0018105582430271226, 0.7153065263490955, 7.448525561565191e-05, 2, 9, 10.09, 0.0, 10.09, 0.0, 95.76, 90.49080735411671, 94.5, 93.91217564870259, 9.8, 9.91
82, 0.0018105582430271226, 0.7153065263490955, 7.448525561565191e-05, 13, 15, 10.09, 0.0, 10.09, 0.0, 10.09, 74.15907274180655, 94.32, 94.05189620758483, 9.8, 9.91
83, 0.0018105582430271226, 0.7153065263490955, 7.448525561565191e-05, 13, 9, 10.09, 0.0, 10.09, 0.0, 95.71, 90.67705835331734, 94.51, 94.05189620758483, 9.8, 9.91
84, 0.0057254878843583795, 405.88073438596575, 0.00029361175402208234, 12, 8, 10.09, 0.0, 10.09, 0.0, 87.83, 97.45115907274182, 94.59, 94.29141716566866, 9.8, 9.91
85, 18.105582430271244, 405.88073438596575, 0.00029361175402208234, 12, 8, 10.09, 0.0, 10.09, 0.0, 87.51, 97.45835331734612, 95.25, 94.19161676646706, 9.8, 9.91
86, 0.0057254878843583795, 226.19978484463883, 0.00029361175402208234, 12, 8, 10.09, 0.0, 10.09, 0.0, 87.81, 97.45627498001599, 94.59, 94.29141716566866, 9.8, 9.91
87, 0.0057254878843583795, 405.88073438596575, 2.3554305984530715e-07, 12, 8, 38.05, 6.0, 10.09, 6.0, 10.09, 96.93429256594725, 74.54, 84.750499001996, 9.8, 9.91
88, 0.0057254878843583795, 405.88073438596575, 0.00029361175402208234, 4, 8, 10.09, 0.0, 10.09, 0.0, 88.04, 97.45675459632294, 94.61, 94.27145708582835, 9.8, 9.91
89, 0.0057254878843583795, 405.88073438596575, 0.00029361175402208234, 12, 16, 10.09, 0.0, 10.09, 0.0, 10.09, 0.0, 94.43, 94.27145708582835, 9.8, 9.91
90, 0.0057254878843583795, 226.19978484463883, 2.3554305984530715e-07, 4, 16, 10.09, 0.0, 10.09, 0.0, 10.09, 96.52486011191047, 92.46, 0.0, 9.8, 9.91
91, 18.105582430271244, 405.88073438596575, 2.3554305984530715e-07, 4, 16, 10.09, 0.0, 10.09, 0.0, 10.09, 96.20159872102319, 91.17, 0.0, 9.8, 9.91
92, 18.105582430271244, 226.19978484463883, 0.00029361175402208234, 4, 16, 10.09, 0.0, 71.14, 0.0, 87.67, 97.40063948840927, 94.34, 94.17165668662675, 9.8, 9.91
93, 18.105582430271244, 226.19978484463883, 2.3554305984530715e-07, 12, 16, 37.56, 0.0, 42.36, 0.0, 38.17, 96.35651478816946, 85.54, 77.84431137724552, 8.06, 8.27
94, 18.105582430271244, 226.19978484463883, 2.3554305984530715e-07, 4, 8, 41.57, 7.384615384615385, 48.18, 7.384615384615385, 21.92, 96.46858513189449, 95.3, 65.8882235528942, 10.1, 10.49
95, 18.105582430271244, 226.19978484463883, 2.3554305984530715e-07, 4, 16, 37.56, 0.0, 42.2, 0.0, 37.99, 96.35219824140687, 92.68, 0.0, 9.91, 10.2
96, 0.0032196784442513784, 0.8956708445545833, 1.7742852308703055e-08, 10, 11, 32.89, 0.0, 10.09, 0.0, 10.09, 96.8908073541167, 69.52, 84.09181636726547, 9.8, 9.91
97, 0.10181517217181825, 0.8956708445545833, 1.7742852308703055e-08, 10, 11, 39.47, 0.0, 10.09, 0.0, 10.09, 96.55731414868104, 73.11, 78.64271457085829, 9.8, 9.91
98, 0.0032196784442513784, 5764.241761132214, 1.7742852308703055e-08, 10, 11, 32.88, 0.0, 10.09, 0.0, 10.09, 96.90311750599521, 70.69, 83.73253493013972, 9.8, 9.91
99, 0.0032196784442513784, 0.8956708445545833, 0.00010673830759454255, 10, 11, 10.09, 0.0, 10.09, 0.0, 29.12, 0.0, 94.61, 94.05189620758483, 9.74, 10.09
100, 0.0032196784442513784, 0.8956708445545833, 1.7742852308703055e-08, 2, 11, 32.89, 0.0, 10.09, 0.0, 10.09, 96.89144684252598, 94.31, 0.0, 9.8, 9.91
101, 0.0032196784442513784, 0.8956708445545833, 1.7742852308703055e-08, 10, 8, 44.58, 4.461538461538462, 10.09, 4.461538461538462, 10.09, 97.05675459632293, 79.85, 84.87025948103792, 9.8, 9.91
102, 0.0032196784442513784, 5764.241761132214, 0.00010673830759454255, 2, 8, 10.09, 0.0, 10.09, 0.0, 90.83, 91.97841726618705, 94.48, 93.95209580838323, 9.8, 9.91
103, 0.10181517217181825, 0.8956708445545833, 0.00010673830759454255, 2, 8, 10.09, 0.0, 10.09, 0.0, 90.79, 92.03213429256594, 94.89, 93.85229540918164, 9.8, 9.91
104, 0.10181517217181825, 5764.241761132214, 1.7742852308703055e-08, 2, 8, 44.63, 4.615384615384616, 10.09, 4.615384615384616, 10.09, 97.07178257394085, 94.69, 45.10978043912176, 9.8, 9.91
105, 0.10181517217181825, 5764.241761132214, 0.00010673830759454255, 10, 8, 10.09, 0.0, 10.09, 0.0, 90.93, 91.96434852118304, 94.61, 94.05189620758483, 9.8, 9.91
106, 0.10181517217181825, 5764.241761132214, 0.00010673830759454255, 2, 11, 10.09, 0.0, 10.09, 0.0, 28.73, 0.0, 94.61, 93.91217564870259, 9.8, 9.91
107, 0.10181517217181825, 5764.241761132214, 0.00010673830759454255, 2, 8, 10.09, 0.0, 10.09, 0.0, 90.76, 91.9726618705036, 94.48, 93.9321357285429, 9.8, 9.91
108, 32.19678444251381, 283.23599025991047, 5.6107825483478675e-06, 20, 4, 32.02, 25.23076923076923, 68.43, 25.23076923076923, 65.58, 97.26954436450839, 95.6, 93.85229540918164, 9.7, 9.95
109, 1018.1517217181843, 283.23599025991047, 5.6107825483478675e-06, 20, 4, 30.94, 52.0, 89.59, 52.0, 15.71, 99.52885691446842, 81.9, 96.62674650698602, 9.8, 9.91
110, 32.19678444251381, 18.228132949038027, 5.6107825483478675e-06, 20, 4, 28.97, 24.76923076923077, 36.71, 24.76923076923077, 64.41, 95.27721822541967, 9.91, 0.0, 9.8, 9.91
111, 32.19678444251381, 283.23599025991047, 3.375361655904018e-07, 20, 4, 37.84, 15.384615384615385, 72.08, 15.384615384615385, 76.67, 97.1505995203837, 86.53, 82.21556886227545, 6.89, 6.89
112, 32.19678444251381, 283.23599025991047, 5.6107825483478675e-06, 12, 4, 32.02, 25.23076923076923, 68.45, 25.23076923076923, 65.47, 97.27593924860112, 93.05, 93.23353293413173, 7.87, 7.9
113, 32.19678444251381, 283.23599025991047, 5.6107825483478675e-06, 20, 15, 30.29, 0.0, 46.09, 0.0, 53.46, 96.19680255795365, 94.01, 93.97205588822355, 9.7, 9.62
114, 32.19678444251381, 18.228132949038027, 3.375361655904018e-07, 12, 15, 38.2, 0.0, 25.09, 0.0, 43.38, 93.35539568345324, 64.85, 57.36526946107784, 9.68, 9.78
115, 1018.1517217181843, 283.23599025991047, 3.375361655904018e-07, 12, 15, 32.61, 25.846153846153847, 97.02, 25.846153846153847, 89.31, 98.1005595523581, 82.66, 88.94211576846307, 13.21, 13.3
116, 1018.1517217181843, 18.228132949038027, 5.6107825483478675e-06, 12, 15, 30.92, 37.53846153846154, 96.59, 37.53846153846154, 83.42, 98.6044764188649, 80.83, 95.78842315369262, 10.52, 10.87
117, 1018.1517217181843, 18.228132949038027, 3.375361655904018e-07, 20, 15, 32.71, 25.846153846153847, 96.98, 25.846153846153847, 89.84, 98.0732214228617, 84.33, 86.04790419161677, 13.1, 12.83
118, 1018.1517217181843, 18.228132949038027, 3.375361655904018e-07, 12, 4, 23.92, 43.53846153846154, 88.01, 43.53846153846154, 18.14, 99.55939248601119, 68.65, 96.16766467065868, 9.96, 10.11
119, 1018.1517217181843, 18.228132949038027, 3.375361655904018e-07, 12, 15, 32.72, 25.846153846153847, 97.05, 25.846153846153847, 90.03, 98.0697042366107, 82.59, 89.00199600798403, 13.28, 13.3
120, 3219.6784442513826, 15.927530210435883, 3.155174893592822e-07, 5, 8, 21.15, 40.46153846153846, 91.45, 40.46153846153846, 81.22, 99.08361310951238, 85.6, 89.46107784431138, 16.13, 17.17
121, 10.181517217181838, 15.927530210435883, 3.155174893592822e-07, 5, 8, 38.87, 5.6923076923076925, 10.57, 5.6923076923076925, 30.06, 94.90711430855315, 91.09, 60.359281437125745, 9.81, 9.91
122, 3219.6784442513826, 324.14713506726395, 3.155174893592822e-07, 5, 8, 21.27, 40.15384615384615, 92.16, 40.15384615384615, 82.07, 99.0855315747402, 84.96, 89.56087824351297, 16.59, 17.48
123, 3219.6784442513826, 15.927530210435883, 1.898105346577759e-08, 5, 8, 21.5, 38.92307692307692, 92.7, 38.92307692307692, 81.05, 99.03725019984013, 89.52, 89.06187624750498, 16.65, 16.82
124, 3219.6784442513826, 15.927530210435883, 3.155174893592822e-07, 16, 8, 21.23, 40.46153846153846, 92.39, 40.46153846153846, 80.94, 99.08073541167066, 72.73, 93.27345309381238, 6.83, 7.78
125, 3219.6784442513826, 15.927530210435883, 3.155174893592822e-07, 5, 12, 24.0, 34.0, 95.72, 34.0, 91.14, 98.5982414068745, 85.46, 92.75449101796407, 14.73, 15.5
126, 3219.6784442513826, 324.14713506726395, 1.898105346577759e-08, 16, 12, 22.36, 31.538461538461537, 96.84, 31.538461538461537, 93.06, 97.37697841726619, 76.03, 75.48902195608783, 18.62, 18.5
127, 10.181517217181838, 15.927530210435883, 1.898105346577759e-08, 16, 12, 50.21, 0.0, 12.51, 0.0, 67.09, 94.88537170263788, 84.39, 65.40918163672654, 9.91, 10.0
128, 10.181517217181838, 324.14713506726395, 3.155174893592822e-07, 16, 12, 10.09, 0.0, 10.09, 0.0, 10.09, 96.50455635491608, 64.6, 83.01397205588822, 9.8, 9.91
129, 10.181517217181838, 324.14713506726395, 1.898105346577759e-08, 5, 12, 32.82, 0.0, 10.09, 0.0, 10.09, 96.72549960031974, 82.92, 56.82634730538923, 9.58, 9.67
130, 10.181517217181838, 324.14713506726395, 1.898105346577759e-08, 16, 8, 44.61, 4.461538461538462, 10.09, 4.461538461538462, 10.09, 96.9769784172662, 83.81, 84.31137724550898, 9.8, 9.91
131, 10.181517217181838, 324.14713506726395, 1.898105346577759e-08, 16, 12, 32.82, 0.0, 10.09, 0.0, 10.09, 96.72757793764988, 72.82, 82.83433133732535, 9.8, 9.91
132, 0.32196784442513826, 5036.727296611839, 9.977539079932735e-05, 15, 15, 10.09, 0.0, 10.09, 0.0, 29.7, 0.0, 94.45, 94.03193612774452, 9.74, 10.09
133, 0.001018151721718182, 5036.727296611839, 9.977539079932735e-05, 15, 15, 10.09, 0.0, 10.09, 0.0, 29.72, 0.0, 94.45, 94.03193612774452, 9.74, 10.09
134, 0.32196784442513826, 1.0250432438307915, 9.977539079932735e-05, 15, 15, 10.09, 0.0, 10.09, 0.0, 29.33, 0.0, 93.54, 94.07185628742515, 9.8, 9.91
135, 0.32196784442513826, 5036.727296611839, 6.0023361341290125e-06, 15, 15, 10.09, 0.0, 10.09, 0.0, 10.09, 96.86458832933653, 93.57, 93.13373253493013, 9.8, 9.91
136, 0.32196784442513826, 5036.727296611839, 9.977539079932735e-05, 7, 15, 10.09, 0.0, 10.09, 0.0, 29.49, 0.0, 94.49, 94.05189620758483, 9.8, 9.91
137, 0.32196784442513826, 5036.727296611839, 9.977539079932735e-05, 15, 5, 92.4, 70.15384615384616, 10.09, 70.15384615384616, 90.41, 93.17617905675459, 94.4, 94.25149700598803, 9.74, 10.09
138, 0.32196784442513826, 1.0250432438307915, 6.0023361341290125e-06, 7, 5, 35.08, 20.46153846153846, 10.09, 20.46153846153846, 12.26, 96.52134292565947, 93.26, 92.43512974051896, 9.8, 9.91
139, 0.001018151721718182, 5036.727296611839, 6.0023361341290125e-06, 7, 5, 35.4, 21.53846153846154, 10.09, 21.53846153846154, 10.94, 97.28697042366107, 91.34, 92.63473053892216, 9.8, 9.91
140, 0.001018151721718182, 1.0250432438307915, 9.977539079932735e-05, 7, 5, 92.4, 70.15384615384616, 10.09, 70.15384615384616, 90.47, 93.18737010391686, 94.47, 94.13173652694611, 9.8, 9.91
141, 0.001018151721718182, 1.0250432438307915, 6.0023361341290125e-06, 15, 5, 35.4, 21.53846153846154, 10.09, 21.53846153846154, 10.81, 97.28409272581935, 93.38, 93.75249500998004, 9.8, 9.91
142, 0.001018151721718182, 1.0250432438307915, 6.0023361341290125e-06, 7, 15, 10.09, 0.0, 10.09, 0.0, 10.09, 96.85003996802558, 93.33, 88.18363273453093, 9.8, 9.91
143, 0.001018151721718182, 1.0250432438307915, 6.0023361341290125e-06, 7, 5, 34.56, 21.384615384615387, 10.09, 21.384615384615387, 10.91, 97.28185451638689, 90.63, 92.53493013972056, 9.8, 9.91
144, 3.2196784442513833, 3.7770126337159313, 2.3660473821364086e-05, 13, 16, 10.09, 0.0, 10.09, 0.0, 10.09, 94.62525979216628, 9.91, 0.0, 9.8, 9.91
145, 1.0181517217181826, 3.7770126337159313, 2.3660473821364086e-05, 13, 16, 10.09, 0.0, 10.09, 0.0, 10.09, 96.29112709832134, 9.91, 0.0, 9.8, 9.91
146, 3.2196784442513833, 76.86739928640672, 2.3660473821364086e-05, 13, 16, 10.09, 0.0, 10.09, 0.0, 10.09, 96.8855315747402, 94.35, 93.97205588822355, 9.8, 9.91
147, 3.2196784442513833, 3.7770126337159313, 8.004243877909391e-08, 13, 16, 10.09, 0.0, 10.09, 0.0, 10.09, 93.46634692246202, 57.89, 51.77644710578843, 9.8, 9.91
148, 3.2196784442513833, 3.7770126337159313, 2.3660473821364086e-05, 19, 16, 10.09, 0.0, 10.09, 0.0, 10.09, 94.6343725019984, 9.91, 0.0, 9.8, 9.91
149, 3.2196784442513833, 3.7770126337159313, 2.3660473821364086e-05, 13, 14, 10.09, 0.0, 10.09, 0.0, 10.09, 94.86586730615507, 9.91, 0.0, 9.8, 9.91
150, 3.2196784442513833, 76.86739928640672, 8.004243877909391e-08, 19, 14, 10.09, 0.0, 10.09, 0.0, 10.09, 96.5568345323741, 77.92, 82.47504990019961, 9.8, 9.91
151, 1.0181517217181826, 3.7770126337159313, 8.004243877909391e-08, 19, 14, 10.09, 0.0, 10.09, 0.0, 10.09, 95.76243005595524, 75.8, 73.83233532934132, 9.8, 9.91
152, 1.0181517217181826, 76.86739928640672, 2.3660473821364086e-05, 19, 14, 10.09, 0.0, 10.09, 0.0, 10.09, 97.04652278177458, 93.79, 93.97205588822355, 9.8, 9.91
153, 1.0181517217181826, 76.86739928640672, 8.004243877909391e-08, 13, 14, 10.09, 0.0, 10.09, 0.0, 10.09, 96.66506794564349, 77.07, 84.15169660678643, 9.8, 9.91
154, 1.0181517217181826, 76.86739928640672, 8.004243877909391e-08, 19, 16, 10.09, 0.0, 10.09, 0.0, 10.09, 96.5330135891287, 75.33, 83.0938123752495, 9.8, 9.91
155, 1.0181517217181826, 76.86739928640672, 8.004243877909391e-08, 19, 14, 10.09, 0.0, 10.09, 0.0, 10.09, 96.66810551558753, 79.13, 83.7125748502994, 9.8, 9.91
156, 32196.78444251386, 1194.3962673773635, 7.482098779429834e-08, 3, 9, 22.79, 84.0, 71.34, 84.0, 90.42, 98.34292565947243, 81.47, 95.70858283433134, 15.57, 15.3
157, 10181.517217181854, 1194.3962673773635, 7.482098779429834e-08, 3, 9, 15.56, 65.07692307692308, 82.3, 65.07692307692308, 92.28, 98.01790567545964, 85.34, 94.93013972055888, 10.73, 11.63
158, 32196.78444251386, 0.2430760595586467, 7.482098779429834e-08, 3, 9, 22.79, 84.0, 69.48, 84.0, 89.15, 98.34564348521184, 80.56, 95.74850299401197, 14.4, 13.91
159, 32196.78444251386, 1194.3962673773635, 2.5311641601652367e-05, 3, 9, 84.45, 61.38461538461538, 71.82, 61.38461538461538, 90.0, 98.84364508393286, 83.22, 96.30738522954093, 9.16, 9.78
160, 32196.78444251386, 1194.3962673773635, 7.482098779429834e-08, 9, 9, 22.79, 84.0, 74.62, 84.0, 89.06, 98.34324540367706, 52.88, 93.65269461077844, 16.37, 15.9
161, 32196.78444251386, 1194.3962673773635, 7.482098779429834e-08, 3, 7, 22.79, 84.0, 60.75, 84.0, 81.21, 97.46778577138289, 77.82, 97.18562874251498, 11.68, 10.18
162, 32196.78444251386, 0.2430760595586467, 2.5311641601652367e-05, 9, 7, 91.34, 64.3076923076923, 43.71, 64.3076923076923, 66.01, 99.60543565147881, 84.55, 96.58682634730539, 12.4, 12.22
163, 10181.517217181854, 1194.3962673773635, 2.5311641601652367e-05, 9, 7, 85.96, 64.46153846153845, 83.45, 64.46153846153845, 77.04, 99.39264588329337, 84.59, 96.54690618762474, 14.39, 13.45
164, 10181.517217181854, 0.2430760595586467, 7.482098779429834e-08, 9, 7, 15.51, 65.07692307692308, 75.46, 65.07692307692308, 86.23, 99.03133493205436, 57.94, 94.51097804391217, 14.33, 13.84
165, 10181.517217181854, 0.2430760595586467, 2.5311641601652367e-05, 3, 7, 85.96, 64.46153846153845, 82.02, 64.46153846153845, 76.88, 99.39312549960032, 89.51, 95.38922155688623, 15.12, 14.16
166, 10181.517217181854, 0.2430760595586467, 2.5311641601652367e-05, 9, 9, 82.34, 60.0, 88.35, 60.0, 91.1, 98.42749800159872, 85.18, 96.52694610778443, 9.95, 9.83
167, 10181.517217181854, 0.2430760595586467, 2.5311641601652367e-05, 9, 7, 85.96, 64.46153846153845, 81.99, 64.46153846153845, 77.37, 99.39344524380496, 84.59, 96.54690618762474, 14.02, 13.3
168, 321.9678444251385, 0.21239702897045074, 0.00042074933428296724, 17, 6, 98.15, 81.6923076923077, 85.97, 81.6923076923077, 87.08, 98.04780175859312, 90.95, 95.46906187624751, 27.01, 27.31
169, 101.81517217181832, 0.21239702897045074, 0.00042074933428296724, 17, 6, 98.28, 82.0, 74.23, 82.0, 88.46, 97.63804956035172, 95.23, 94.23153692614771, 33.13, 33.97
170, 321.9678444251385, 1366.9171345425773, 0.00042074933428296724, 17, 6, 98.26, 82.15384615384616, 86.06, 82.15384615384616, 10.09, 0.0, 94.35, 94.69061876247505, 9.8, 9.91
171, 321.9678444251385, 0.21239702897045074, 0.0004501117109450305, 17, 6, 98.17, 81.84615384615384, 85.52, 81.84615384615384, 87.44, 98.0800959232614, 90.95, 95.46906187624751, 28.21, 28.02
172, 321.9678444251385, 0.21239702897045074, 0.00042074933428296724, 4, 6, 98.15, 81.6923076923077, 85.97, 81.6923076923077, 87.11, 98.0466826538769, 90.92, 95.48902195608783, 27.12, 27.08
173, 321.9678444251385, 0.21239702897045074, 0.00042074933428296724, 17, 3, 98.02, 84.76923076923077, 54.34, 84.76923076923077, 87.62, 98.02589928057553, 88.42, 95.68862275449102, 9.99, 10.41
174, 321.9678444251385, 1366.9171345425773, 0.0004501117109450305, 4, 3, 98.26, 82.15384615384616, 52.82, 82.15384615384616, 10.09, 97.52805755395684, 93.21, 94.87025948103792, 9.8, 9.91
175, 101.81517217181832, 0.21239702897045074, 0.0004501117109450305, 4, 3, 98.28, 82.0, 59.33, 82.0, 88.79, 97.64124700239807, 95.31, 94.23153692614771, 23.89, 23.84
176, 101.81517217181832, 1366.9171345425773, 0.00042074933428296724, 4, 3, 98.17, 81.38461538461539, 77.27, 81.38461538461539, 10.09, 97.49048760991207, 95.26, 94.25149700598803, 9.8, 9.91
177, 101.81517217181832, 1366.9171345425773, 0.0004501117109450305, 17, 3, 98.26, 81.38461538461539, 75.05, 81.38461538461539, 10.09, 97.5189448441247, 95.27, 94.23153692614771, 9.8, 9.91
178, 101.81517217181832, 1366.9171345425773, 0.0004501117109450305, 4, 6, 98.26, 81.38461538461539, 82.31, 81.38461538461539, 10.09, 0.0, 95.24, 94.25149700598803, 9.8, 9.91
179, 101.81517217181832, 1366.9171345425773, 0.0004501117109450305, 4, 3, 98.26, 81.38461538461539, 75.05, 81.38461538461539, 10.09, 97.51734612310152, 95.26, 94.25149700598803, 9.8, 9.91
180, 0.0321967844425138, 67.16583797993927, 1.3305262203337412e-06, 8, 13, 10.09, 0.0, 10.09, 0.0, 10.09, 96.78257394084733, 9.91, 0.0, 9.8, 9.91
181, 0.010181517217181822, 67.16583797993927, 1.3305262203337412e-06, 8, 13, 10.09, 0.0, 10.09, 0.0, 10.09, 96.77410071942447, 9.91, 0.0, 9.8, 9.91
182, 0.0321967844425138, 4.322571517865363, 1.3305262203337412e-06, 8, 13, 10.09, 0.0, 10.09, 0.0, 10.09, 96.75667466027178, 9.91, 0.0, 9.8, 9.91
183, 0.0321967844425138, 67.16583797993927, 1.4233782081016354e-06, 8, 13, 10.09, 0.0, 10.09, 0.0, 10.09, 96.79168665067945, 9.91, 0.0, 9.8, 9.91
184, 0.0321967844425138, 67.16583797993927, 1.3305262203337412e-06, 14, 13, 10.09, 0.0, 10.09, 0.0, 10.09, 96.78113509192646, 9.91, 0.0, 9.8, 9.91
185, 0.0321967844425138, 67.16583797993927, 1.3305262203337412e-06, 8, 10, 10.09, 0.0, 10.09, 0.0, 10.09, 96.90679456434852, 9.91, 0.0, 9.8, 9.91
186, 0.0321967844425138, 4.322571517865363, 1.4233782081016354e-06, 14, 10, 10.09, 0.0, 10.09, 0.0, 10.09, 96.89064748201439, 9.91, 0.0, 9.8, 9.91
187, 0.010181517217181822, 67.16583797993927, 1.4233782081016354e-06, 14, 10, 10.09, 0.0, 10.09, 0.0, 10.09, 96.90391686650679, 9.91, 0.0, 9.8, 9.91
188, 0.010181517217181822, 4.322571517865363, 1.3305262203337412e-06, 14, 10, 10.09, 0.0, 10.09, 0.0, 10.09, 96.90343725019984, 9.91, 0.0, 9.8, 9.91
189, 0.010181517217181822, 4.322571517865363, 1.4233782081016354e-06, 8, 10, 10.09, 0.0, 10.09, 0.0, 10.09, 96.89880095923262, 9.91, 0.0, 9.8, 9.91
190, 0.010181517217181822, 4.322571517865363, 1.4233782081016354e-06, 14, 13, 10.09, 0.0, 10.09, 0.0, 10.09, 96.77410071942447, 9.91, 0.0, 9.8, 9.91
191, 0.010181517217181822, 4.322571517865363, 1.4233782081016354e-06, 14, 10, 10.09, 0.0, 10.09, 0.0, 10.09, 96.90807354116706, 9.91, 0.0, 9.8, 9.91
192, 0.010181517217181822, 7.756189968580483, 0.0008640192878152558, 2, 3, 98.18, 82.3076923076923, 18.15, 82.3076923076923, 10.09, 97.72917665867307, 94.88, 94.25149700598803, 9.8, 9.91
193, 0.0032196784442513784, 7.756189968580483, 0.0008640192878152558, 2, 3, 98.18, 82.3076923076923, 17.94, 82.3076923076923, 10.09, 97.73029576338928, 94.88, 94.25149700598803, 9.8, 9.91
194, 0.010181517217181822, 37.43192719643771, 0.0008640192878152558, 2, 3, 98.18, 82.3076923076923, 18.54, 82.3076923076923, 10.09, 97.7294964028777, 94.88, 94.25149700598803, 9.8, 9.91
195, 0.010181517217181822, 7.756189968580483, 1.6436915121153314e-07, 2, 3, 32.29, 17.53846153846154, 10.3, 17.53846153846154, 22.29, 97.3021582733813, 96.55, 73.31337325349303, 9.99, 10.0
196, 0.010181517217181822, 7.756189968580483, 0.0008640192878152558, 20, 3, 98.18, 82.3076923076923, 18.47, 82.3076923076923, 10.09, 97.72917665867307, 94.85, 94.27145708582835, 9.8, 9.91
197, 0.010181517217181822, 7.756189968580483, 0.0008640192878152558, 2, 6, 98.17, 82.3076923076923, 10.09, 82.3076923076923, 93.22, 97.77202238209432, 94.53, 94.27145708582835, 9.8, 9.91
198, 0.010181517217181822, 37.43192719643771, 1.6436915121153314e-07, 20, 6, 37.29, 10.307692307692308, 10.09, 10.307692307692308, 10.09, 97.0115107913669, 88.35, 86.9061876247505, 9.8, 9.91
199, 0.0032196784442513784, 7.756189968580483, 1.6436915121153314e-07, 20, 6, 35.15, 10.0, 10.09, 10.0, 10.09, 97.00815347721823, 88.53, 86.94610778443113, 9.8, 9.91
